,Hours,Score
0,1.5,38.43321842832235
1,2.0,42.704659623759056
2,2.5,46.976100819195764
3,3.0,51.247542014632465
4,3.5,55.51898321006917
5,4.5,64.06186560094258
6,5.0,68.3333067963793
7,5.5,72.604747991816
8,6.1,77.73047742634004
9,7.4,88.83622453447549
10,5.5,72.604747991816
11,7.5,89.69051277356283
12,8.0,93.96195396899954
13,9.0,102.50483635987295
14,5.0,68.3333067963793
